Indigenismo en Cuba,9-ene.,16-ene.,Guantánamo,Oficina del Historiador de Baracoa,SAN CRISTÓBAL,Silvia Garcia          ,,,grup_comerc@viajessancristobal.cu,
LVII Premio Literario Casa de las Américas,19-ene.,29-ene.,"La Habana, Cienfuegos",Casa de las Américas,PARADISO,Dr. Roberto Fernandez Retamar,(53 7) 838 2706 - 09,(53 7) 838 2703,direccioncil@casa.cult.cu ,www.casadelasamericas.org
3 Pasantía Asociación Chilena de Municipalidades,20-ene.,6-feb.,La Habana,Hotel Comodoro,Gaviota Tours,Ariel Medina (Asociación Chilena de Municipalidades),,,,
XV Jornada Internacional de Derecho de Contratos,20-ene.,22-ene.,La Habana,Hotel Nacional de Cuba,CUBATUR,"Msc. Migdalia Velázquez Pérez
", (53 7) 832 29680,(53 7) 833 3382 ,"unjc@unjc.co.cu, cuba.juristas@yahoo.es",www.unjc.co.cu
II Conferencia Internacional: Con Todos y Para el Bien de Todos,25-ene.,28-ene.,La Habana,Palacio de las Convenciones,"Paradiso, Cubatur y Amistur ","Dr Armando Hart                                                

  
 ", (53 7) 833 981; 838 2233,,hpardo@cubarte.cult.cu,www.porelbiendetodos.com
Feria Internacional del Libro.,12-feb.,22-feb.,La Habana,Morro Cabaña,Paradiso,"Zuleica Romay Guerra 
",(53 7) 832 9559; 832 8829,(53 7) 866 8446; 833 3441,"presidencia@icl.cult.cu, feria@ccl.cult.cu, direccion@ccl.cult.cu ",www.camaradelibro.cult.cu
Universidad 2016. X Congreso Internacional de Educación Superior ,15-feb.,19-feb.,La Habana,Palacio de las Convenciones,HAVANATUR,Dr. Omar Herrera Martínez        , (53 7) 835 1083,,congresouniversidad@mes.gob.cu,www.congresouniversidad.cu
Evento Cientifico Bibliotecológico,10-feb.,13-feb.,La Habana,Biblioteca Nacional,PARADISO,"Margarita Bellas Vilariño
",(53 7) 881 8908,,mbellas@bnjm.cu,www.bnjm.cu 
Intercambio Científico entre Profesionales Cubanos y Norteamericanos,22-feb.,26-feb.,Camagüey,APC de Camagüey. ,HAVANATUR,"DrC. Gilberto García Batista 
", (53 7)  202 5478;  (53 43) 519745; (53 7)  202 5420; 202 5478; 206 5629,,"presidente@apc.rimed.cu, apc@apc.rimed.cu, eventos@apc.rimed.cu",
European Latin American Conference of Theoretical and Applied Mechanics (ELACTAM 2016) (SC),22-feb.,24-feb.,La Habana,Universidad de La Habana,CUBATUR,Albrecht Bertram                                                   Dr. Reinaldo Rodríguez Ramos                                                                , 0049(0)391+6758062; (53 7)  8790890,(53 7) 8736310,"albrecht.bertram@ovgu.de, reinaldo@matcom.uh.cu",www.uni-magdeburg.de/ifme/festigkeit.html
Seminario Científico Estudiantil XXIV Encuentro Interfacultades BUAP - UC Arquitectura y Urbanismo,22-feb.,28-feb., Camagüey,Universidad de Camagüey,CUBATUR,Dr. Aymee Alonso.                                                           ,, (53 32) 262487,aymee.alonso@reduc.edu.cu ,
XVIII Festival del Habano.,29-feb.,4-mar.,La Habana,Palacio de las Convenciones,HAVANATUR,"Eloisa Castellanos
",(53 7) 204 0513; 204 0514,,"agarcia@palco.cu, ecastellanos@habanos.cu",www.habanos.com
IX Encuentro Interamericano de Derecho Laboral y de Seguridad Social.               X Encuentro Internacional de los abogados laboralistas y del movimiento sindical. ,2-mar.,4-mar.,La Habana,Hotel Nacional de Cuba,CUBATUR,Msc. Migdalia Velázquez Pérez,(53 7) 832 29680,(53 7) 833 3382,"unjc@unjc.co.cu, cuba.juristas@yahoo.es ",www.unjc.co.cu
VII Taller Iberoamericano de Enseñanza de la Física Universitaria y Curso Centroamericano y del Caribe del Física       ,7-mar.,11-mar.,La Habana,Universidad de la Habana,VIAJES CUBANACÁN S.A.,"Octavio Calzadilla Amaya  
",(53 7) 873 0042; 878 3969,,calza@fisica.uh.cu,
"Simposio Internacional de Calidad en el Laboratorio. IX Congreso Nacional de Patología Clínica, CONAPAC 2016",9-mar.,11-mar.,La Habana,Palacio de las Convenciones,CUBATUR,Dr. Enrique Abraham Marcel                                                                                                                                           ,(53 7) 641 3617; 293 6584,,abrahamn@infomed.sld.cu,
XII Conferencia Internacional de Investigación Operacional (ICOR 2016),14-mar.,17-mar.,La Habana,Hotel Habana Riviera,CUBATUR,Dra. Sira Allende Alonso                                             ,(53 7) 878 8690,,sira@matcom.uh.cu ,
Informática 2016. XVI Edición de la Convención y Feria Internacional de Informática,14-mar.,18-mar.,La Habana,Palacio de las Convenciones,HAVANATUR,Magda Brito D´Toste,(537) 882 8210,,magda.brito@mincom.gob.cu,www.informaticahabana.com
Premio de Musicología Casa de las Américas y Coloquio Internacional de Musicología,14-mar.,18-mar.,La Habana,Casa de las Américas,Paradiso,María Elena Vinueza González ,(53 7) 838 2706 al 09,(53 7) 838 2703,musica@casa.cult.cu,www.casadelasamericas.org
V Congreso Internacional de Mejoramiento Animal,15-mar.,18-mar.,La Habana,Hotel Habana Libre,Paradiso ,"Dr. Ramón Denis García
Tel.:  Fax:  

",(53 7) 682 6512; 682 9408                                    ,(53 7) 682 9408,"evento2016@cima-minag.cu, mejoramiento-animal2016@cima-minag.cu",www.cima-minag.cu
VII Taller Iberoamericano de Enseñanza de la Física Universitaria y Curso Centroamericano y del Caribe de Física       ,7-mar.,11-mar.,La Habana,Universidad de la Habana.,VIAJES CUBANACÁN S.A.,"Octavio Calzadilla Amaya  
",(53 7) 873 0042; 878 3969 ,,calza@fisica.uh.cu ,
"XVI Convención y Feria Internacional  XI Feria Internacional de la
de Informática.",15-mar.,18-mar.,La Habana,PABEXPO,,,,,,
XI Jornada  Internacional de  la Sociedad del Notariado Cubano. ,16-mar.,18-mar.,La Habana,Hotel Nacional de Cuba,VIAJES CUBANACÁN S.A.,Msc. Migdalia Velázquez Pérez,(53 7) 832 29680,(53 7) 833 3382                                  ,"unjc@unjc.co.cu, cuba.juristas@yahoo.es",www.unjc.co.cu 
XXII Encuentro Internacional de Academias para la enseñanza del ballet y 14º Concurso de jóvenes bailarines,20-mar.,3-abr.,La Habana,Escuela Nacional de Ballet y Teatro Nacional,Paradiso,"Maître Ramona de Saá Bello  
      
    ",(53 7) 866 0143; 861 6629,,"enballet@cubarte.cult.cu, direccion@cneart.cult.cu  ",www.enballet.cu
XXI Modelo de Naciones Unidas de La Habana. HAVMUN 2016,21-mar.,24-mar.,La Habana,Universidad de La Habana,HAVANATUR,Dra. Marta Fernández Martínez.                                 ,(53 7) 878 4548 ext. 101 y 104,,mfernandez@lex.uh.cu,
Riego 2016. VI Congreso Internacional de Riego y Drenaje. VI Congreso Internacional de Mecanización Agrícola 2016,22-mar.,25-mar.,Villa Clara,"Hotel Meliá Las Dunas, Cayo Santa María",ECOTUR,"Dr. Pedro D. Sotto Batista
",(53 7) 645 1731; 645 1353,,convencion2016@iagric.cu,
"XIII Encuentro internacional de Ciencias Penales 2016. Primer Evento Legalidad, Derecho y Sociedad. ",23-mar.,25-mar.,La Habana,Palacio de las Convenciones.,CUBATUR ,"Patricia María Rizo Cabrera 
","(53 7) 214 0001 al 03 ext. 102, 103, 107",,"relaciones@fgr.cu, relaciones@5ta.fgr.cu ",www.fgr.cu
The Physics and Applications of High Brightness Beams (SC),27-mar.,31-mar.,La Habana,Hotel Nacional de Cuba.,HAVANATUR,Dr. Fidel Antonio Castro Smirnov.                              ,,,fide@uci.cu ,
XI Simposio Internacional sobre Educación y Cultura en Iberoamérica,28-mar.,1-abr.,Matanzas,Centro de Convenciones Plaza América Varadero. Matanzas,VIAJES CUBANACÁN S.A.,Dr. C. Elmys Escribano Hervis.                               ,(53 45) 291503,,eescribano@ucp.ma.rimed.cu,
IX Congreso Internacional Didácticas de las Ciencias. XIV Taller Internacional sobre la Enseñanza de la Física.,28-mar.,1-abr.,La Habana,Palacio de las Convenciones.,CUBATUR,"Carlos Sifredo Barrios                                           Roberto Álvarez González  
",(53 7) 838 3422,,didacien@mined.rimed.cu,www.didacien.rimed.cu
Congreso Internacional de Investigadores sobre la Juventud,29-mar.,2-abr.,La Habana,Palacio de las Convenciones.,CUBATUR,Yoslaine González Ramos,,,yoslaine@econ.ujc.cu ,
TECNOLASER 2016,29-mar.,1-abr.,La Habana,Museo Bellas Artes,SERVICIOS GLOBAL S.A. Y CUBATUR,Dr. Iván Padrón Díaz,(53 7) 209 3920; (53 7) 203 1224                                        ,(53 7) 202 1518,tecnolaser@ceaden.edu.cu ,www.ceaden.cu/tecnolaser/index.asp
CUBASOLAR,1-abr.,15-abr.,Holguín,Hotel Brisas Guardalavaca. ,CUBATUR,Lic. Eliseo Gavilán Sáez,(53 7) 206 20-61; 204 0010,,cubasolar2016@cubasolar.cu,www.cubasolar.cu
XI Feria Internacional de la Construcción. FECONS,5-abr.,9-abr., La Habana,PABEXPO.,,,,,,
Arquitectura Vernácula ,16-abril,16-abril,La Habana,Cátedra de Arquitectura Vernácula. ,SAN CRISTÓBAL,Silvia García                                                ,,,grup_comerc@viajessancristobal.cu,
VII Conferencia sobre Desarrollo Agropecuario y Sostenibilidad,5-abr.,9-abr.,Villa Clara,Hotel Starfish Cayo Santa María y Universidad Central de Las Villas.,Gaviota Tours,MSc. Yuly González Rodríguez                                        Dr. C. Amed Chacón Iznaga.,(53 42) 281692                                                       ,(53 42) 281608                                 ,"yulygr@uclv.edu.cu, agrocentro@uclv.edu.cu, ahmedci@uclv.edu.cu",
II Congreso Internacional de Promoción de la Salud. X Taller Regional de Promoción y Educación para la Salud en el Ambito Escolar y Universitario,4-Apr,8-Apr,La Habana,Palacio de las Convenciones de La Habana,Havanatur,Dra. Rosaida Ochoa Soto  ,(53 7) 830 4902                                                        ,,rosaida@infomed.sld.cu,
XI Conferencia Cientifico Técnica de la Construccion,5-abr.,7-abr.,La Habana,Palacio de las Convenciones. ,HAVANATUR,"Dr. Ing. Antonio Amaury Medina Morante
",(53 7) 881 3865                                                  ,,amauri@micons.cu,
Simposio Internacional de Biotecnología Vegetal,5-abr.,8-abr.,Villa Clara,Hotel Eurostars Cayo Santa María. Cayos de Villa clara,Gaviota Tours,Maydelis Menéndez Gómez  ,(53 42) 281257; 281268; 281694                                                                ,,maydelis@ibp.co.cu,
15 Muestra Jóven. ICAIC,5-abr.,10-abr.,La Habana,"Cine Chaplin, Cine 23 y 12 y otros.",Paradiso,Marisol Rodríguez Rosabal ,(53 7) 831 9736 ,,,"www.cubacine.cu, www.muestrajoven.cult.cu "
X Congreso Internacional FRATEROS 16. XXII Congreso Centroamericano y del Caribe de Cardiología Intervencionista,6-Apr,8-Apr,La Habana,Palacio de las Convenciones.,CUBATUR,Dr. José Emilio Fernández-Brito Rodríguez                                  ,(53 7) 881 4911; 881 6365                                 ,,fbrito@infomed.sld.cu,
IX Encuentro Científico Internacional Nimomeeting 2016,7-abr.,10-abr.,Matanzas,Hotel Meliá Marina Varadero,VIAJES CUBANACÁN S.A.,Patricia Piedra Sierra,(53 7) 271 5057  ext:111                                          ,(53 7) 273 3509,patrip@cim.sld.cu ,
Conferencia Internacional Socialismo del Siglo XXI: una nueva alternativa.,13-abr.,14-abr.,Holguín,Instituto Superior Minero Metalúrgico de Moa (ISMMM). ,HAVANATUR,Dr.C: Ángel O Columbié Navarro.,,,"acolumbie@ismm.edu.cu, esantos@ismm.edu.cu  ",
VII Congreso Iberoamericano de Cardiología Nuclear e Imagen Cardiaca,14-Apr,16-Apr,La Habana,Palacio de las Convenciones.,Havanatur,Dra. Amelia Peix Gonzalez         ,(53 7) 830 0831,,peix@infomed.sld.cu,
Convención Ibero-Latinoamericana de Ciencias Morfológicas. XIII Simposio Ibero-Latinoamericano de Terminología.                                                            I Congreso Ibero-Latinoamericano de Ciencias Morfológicas,17-Apr,22-Apr,La Habana,Consejo Nacional de Sociedades Científicas. ,Havanatur,MSc.Dra. Belén Z.Iglesias Ramirez                                           ,,,belen@infomed.sld.cu,
Festival de Salsa ,18-abr.,24-abr.,,Casa del Son,SAN CRISTÓBAL,Silvia Garcia          ,,,grup_comerc@viajessancristobal.cu,
Festival Internacional Varadero Gourmet 2016.,20-abr.,22-abr.,Matanzas,Centro de Convenciones Plaza América Varadero. ,HAVANATUR,"Liubersy Pérez Guillén (Directora Adjunta)
",(53 7) 8362557                                                  ,,vicepresidente@gee.palmares.cu,www.palmarescuba.com
"Simposio de Cáncer y Autoinmunidad Varadero 2016: Empleo de nuevas dianas y terapias emergentes
",21-abr.,25-abr.,Matanzas,"Hotel Iberostar Laguna Azul, Varadero",HAVANATUR,Gerardo Enrique Guillén Nieto.,(53 7) 250 4495                                                    ,(53 7) 250 4494,gerardo.guillen@cigb.edu.cu,
XII Festival Internacional de Cine Pobre de Gibara.,24-abr.,27-abr.,Holguín,Gibara. ,PARADISO,"Lester Hamlet . Director
",(53 7) 838 3657; 838 3650 al 55 ext. 210,(53 7) 838 1188,directorcinepobre@icaic.cu ,www.cubacine.cu/cinepobre
XXII Congreso Nacional de Historia.,24-abr.,25-abr.,Holguín,Holguín,PARADISO,Dr. Roberto Pérez Rivero,(53 7) 862 2596; 862 2583,,historiadores@cubarte.cult.cu,
"Feria Nacional de Artesanía, Arte para Mamá",24-abr.,7-may.,La Habana,PABEXPO. ,,,,,,
"WEFLA  2016: X Conferencia Internacional sobre Lenguas Extranjeras, Comunicación y Cultura.",26-abr.,28-abr.,Holguín,Universidad de Holguín y Hotel Club Amigo Atlántico-Guardalavaca,HAVANATUR,Dra. C. Vilma Páez Pérez.                                          Tel.:  ,(53 24) 480804.                                                                    ,,"vilma@fh.uho.edu.cu, info@wefla.com                                                                                ",www.wefla.org
XIV Seminario Internacional de Longevidad.,26-abr.,29-abr.,La Habana,Palacio de las Conveciones de La Habana,,,,,,
ISRI 2016. XII Seminario de Relaciones Internacionales ,27-abr.,29-abr., La Habana,"Instituto Superior de Relaciones Internacionales ""Raúl Roa García"".",AMISTUR,Isabel Allende Karam,(53 7) 831 9495 ext. 124                                                   ,,isabelallende@isri.minrex.gob.cu                                                            ,
FOTOSUB 2016,27-abr.,1-may.,Isla de la Juventud,Hotel Colony,ECOTUR,Francisco Díaz  (Director Comercial),(53 7) 273 1867                                        ,,dircomercial@marlin.tur.cu                                                  ,www.photosubcuba.com
"Conferencia Regional de América Latina y el Caribe de la Unión Sindical de los Trabajadores de la Alimentación, la Agricultura, el Comercio, la Industria Textil y Similares. UISTAACS",28-abr.,5-may.,La Habana,HTL Kohly- Bosque. ,Gaviota Tours,,,,"sntiap.secgeneral@ctc.cu, uis@ctc.cu, comercial8.ventas@gaviotatours.cu, comercial10.ventas@gaviotatours.cu",
"Ecuentro Internacional ""Presencia de Paulo Freire"". Espacio para reflexionar y crecer",2-may.,6-may.,Cienfuegos,Hotel Punta Las Cuevas. ,CUBATUR,Dr. Mariano A. Isla Guerra ,(53 7)  202 5478;  (53 43) 51 9745,,"maislaguerra@gmail.com, mariano@apc.rimed.cu  ",
LACNIC 25.Registro de Direcciones IP de Latino América y el Caribe,2-may.,7-may.,La Habana,Palacio Convenciones de La Habana,HAVANATUR,"Luis Manuel Díaz Naranjo
Tel.: 

",(53 7) 266 8627       ,,luismanuel.diaz@etecsa.cu,www.etecsa.cu
XXIII Festival Internacional Romerías de Mayo  ,2-may.,8-may.,Holguín. ,Holguín. ,Paradiso,,(53 24) 42 1673,(53 24) 46 7862,director@baibrama.cult.cu      ,www.baibrama.cult.cu 
Desafíos mundiales de la propiedad industrial,3-may.,5-may.,La Habana,Hotel Memories Miramar. ,HAVANATUR,Sandra Rodríguez Díaz,(53 7) 866 0550; 866 0557; 862 4379                      ,,eventos@ocpi.cu,ww.ocpi.cu
FitCuba 2016. Feria Internacional de Turismo ,3-may.,7-may.,La Habana,Complejo Morro Cabaña. ,CUBATUR,"Ms. Alberto Encinoso Lemus
Dalila A. González García      ",(537) 832 7535 ext.228                ,,comunicacion1@mintur.tur.cu ,www.fitcuba.com
HOMINIS 2016. VII Convención Intercontinental de Psicología ,9-may.,13-may.,La Habana,Palacio de las Convenciones.,VIAJES CUBANACÁN S.A.,Dr. Alexis Lorenzo Ruiz. PhD.,(53 7) 870 4617; 870 4923                                 ,(53 7)  873 5960,"alexis.lorenzo@psico.uh.cu, alexislorenzo64@gmail.com  ","www.hominiscuba.com,  promociondeeventos.sld.cu/hominis2016 ,  sociedad.psico.uh.cu"
"VI Encuentro Internacional de Mujer, Género y Derecho.",11-may.,13-may.,La Habana,Hotel Nacional de Cuba,CUBATUR,Msc. Migdalia Velázquez Pérez,(53 7) 832 29680,(53 7) 833 3382                                  ,"unjc@unjc.co.cu, cuba.juristas@yahoo.es ",www.unjc.co.cu
Foro de empresarios y Líderes en Tecnologías de la Información,11-may.,15-may.,Matanzas,Centro de Investigaciones Tecnológicas Integradas (CITI) - HTL Blau Marina Varadero. ,Gaviota Tours,"Ing. René E. Hidalgo Font.
",(53 45) 214 1247,,,
Temporada de Teatro Latinoamericano y Caribeño MAYO TEATRAL 2016,13-may.,22-may.," La Habana, Santiago de Cuba, Guantánamo, Holguín, Camagüey, Ciego de Ávila, Cienfuegos, Villa Clara, Matanzas","Teatros de La Habana, Santiago de Cuba, Guantánamo, Holguín, Camagüey, Ciego de Ávila, Cienfuegos, Villa Clara y Matanzas.",PARADISO,Sra Vivian Martínez Tabares    ,(53 7) 838 2706 al 09,(53 7) 838 2703                                    ,conjunta@casa.cult.cu,www.casadelasamericas.org
Cubadisco 2016.Feria Internacional ,14-may.,22-may.,La Habana,"Teatros Nacional, Kart Marx, Sala Avenida y Casa del Alba Cultural.",Paradiso,"Osmani López Castro.
",(53 7) 8328 298; 836 7436; 833 9697; 832 4835  ,,"cubadisco@icm.cu, cubadisco@cubarte.cult.cu, vpprocom@icm.cu, eventos@paradiso.artex.cu",
Foro Empresarial y de Negocios para el Sector de las Tecnologías de la Información (TI),16-may.,20-may.,La Habana,Complejo de Investigaciones Tecnológicas Integradas. CUJAE. ,Gaviota Tours,Empresa DATYS,,,"carla.iriarte@felti.org, rene.hidalgo@datys.cu, comercial8.ventas@gaviotatours.cu,
comercial10.ventas@gaviotatours.cu",
CUBASOLAR,16-may.,20-may.,Holguín,C.A Atlántico Guardalavaca. ,CUBATUR,Lic. Eliseo Gavilán Sáez,"(53 7) 206 2061, 204 0010                                      ",,cubasolar2016@cubasolar.cu,www.cubasolar.cu
XI Taller Internacional Enseñanza de la Física y la Química y IV Taller Enseñanza de las Ciencias Naturales,16-may.,20-may.,Matanzas,Hotel Acuazul. Varadero. ,CUBATUR,Dr. C. Manuel Pino Bastista.,(53 45) 291503,,mpino@ucp.ma.rimed.cu ,
V Encuentro Internacional de Trabajo Social,16-may.,21-may.,La Habana,Hotel Comodoro. ,CUBATUR,Lic. Odalys Gonzalez Bujan,(53 7) 214 4647,,socutras@infomed.sld.cu,
III Foro Internacional de Oratoria y Pensamiento Martiano y Latinoamericano: Trincheras de Ideas 2016,16-may.,18-may.,Las Tunas,Universidad de Las Tunas. ,VIAJES CUBANACÁN S.A.,"Dra.C Clara Guzmán Góngora, Dr.C. Carlos Alberto Suárez Arcos, Dr. C Juan Idalberto Ricardo Botello. ",(53 31) 348014  ext 194,(53 31) 346501                            ,"cguzman@ult.edu.cu, carlossa@ult.edu.cu,  jbotello@ult.edu.cu                                    ",www.ult.edu.cu
Manejo y Gestión,16-mayo,16-mayo,La Habana,Plan Maestro de la OHC. ,SAN CRISTÓBAL,Silvia Garcia                ,,,grup_comerc@viajessancristobal.cu,
II Congreso Internacional sobre Gestión Económica para el Desarrollo.,16-may.,19-may.,La Habana,Palacio de las Convenciones. ,CUBATUR,Oscar Luis Hung Penton  ,(53 7) 204 9462; 204 5309,,presidente@anec.co.cu,www.anec.cu
Contabilidad 2016 ,16-may.,20-may., La Habana,Palacio de las Convenciones.,,,,,,
Salón Internacional de Equipamientos para Hostelería y Servicios Turísticos. HOSTELCUBA,17-may.,19-may.,La Habana,PABEXPO. ,,,,,,
VIII Encuentro Internacional Justicia y Derecho 2016,18-may.,20-may.,La Habana,Palacio de las Convenciones. ,HAVANATUR,Rufina Hernández Rodríguez  ,(53 7) 881 2124,,rufina@tsp.cu ,www.tsp.cu 
I Bienal Internacional de Diseño de La Habana  ,19-may.,21-may.,La Habana,Palacio de las Convenciones.,,,,,,
II Simposio de Hepatitis Virales 2016.,19-may.,22-may.,Matanzas,Hotel Meliá Marina Varadero,HAVANATUR,Gerardo Enrique Guillén Nieto,(53 7) 250 4495,(53 7) 250 4494,gerardo.guillen@cigb.edu.cu,
"IX Taller Internacional sobre la Aplicación Práctica del Heberprot-P en Pacientes con Úlceras del Pie Diabético.
",19-may.,20-may.,La Habana,Hotel Meliá Habana,Havanatur S.A./Gaviotatur S.A. (según concurrencia que se apruebe),"Miriela Gil Mena                                                         Osvaldo Reyes Acosta
", (53 7) 250 4121; 271 6022 Ext. 1023 y 1144,,"miriela.gil@cigb.edu.cu,
osvaldo.reyes@cigb.edu.cu,
hptcongress.cigb.edu.cu",
XI Encuentro Internacional de Agricultura Orgánica y Sostenible.,23-may.,26-may.,Matanzas,Hotel Memoríes. Varadero.,HAVANATUR,Ing. Idalmis Nazco Chaviano,(53 7) 203 5546; 202 7832,,encuentro2016@actaf.co.cu,www.actaf.co.cu 
Taller Internacional de Suelos 2016 ,25-may.,26-may.,La Habana,Palacio de las Convenciones.,,,,,,
III Congreso Internacional de Arquitectura e Ingenierías Hospitalarias,25-may.,28-may.,La Habana,La Habana,HAVANATUR,Arq.César Garrido Rodríguez,,,,
18ª Primavera Científica IES- UC de Diseño Gráfico,29-may.,2-jun.,Camagüey,Universidad de Camagüey ,CUBATUR,Dr. Aymee Alonso.                                    ,(53 32) 262487,,aymee.alonso@reduc.edu.cu ,
Convención Trópico 2016. V Congreso de Geografía Tropical. V Congreso de Agricultura Tropical. IV Congreso de Biodiversidad y Ecología Tropical. IV Congreso de Meteorología Tropical   ,30-may.,3-jun.,La Habana,Palacio Convenciones de La Habana,HAVANATUR,Dr. Jose Angel Luis Machín,"(53 7) 832 4295, 837 0387                                   ",,machin@geotech.cu; normas@geotech.cu; tropico2016@geotech.cu,www.convenciontropicocuba.com
"II Feria Internacional de la Moda, CUBA es MODA ",31-may.,4-jun.,La Habana,PABEXPO. ,,,,,,
Ier Simposio Internacional de la Técnica Canina Cubana,1-jun.,2-jun.,La Habana,Hotel Palco. La Habana,Havanatur,Dirección Relaciones Internacionales y Colaboración del MININT.                                                ,,,rrii@dric.rem.cu; mincal@mn.co.cu,
12 Conferencia Internacional en Aproximación y Optimización en el Caribe.,10-jun.,15-jun.,La Habana,Universidad de la Habana,Gaviota Tours,Prof. Luis Ramiro Pérez                        lrp@matcom.uh.cu,,,,
IMASUB 2016. VI Encuentro Internacional de Fotografía Subacuática ,6-jun.,11-jun.,Pinar del Río,Centro Internacional de Buceo María la Gorda. ,Gaviota Tours,"Grupo de Turismo Gaviota 
",,,"comercial8.ventase@gaviotatours.cu, comercial10.ventase@gaviotatours.cu, jefe.buceo@marinanagav.co.cu",
12th. International Conference on Approximation and Optmization in the Caribbean (AppOpt 2016) ,4-jun.,9-jun.,La Habana,Hotel Riviera.,CUBATUR,Guillermo López Lagomasin.                                        Raúl Guinovart Díaz.      ,"(53 34) 916245947, (53 7) 879 0890                                                                                                     ",(53 34)  916249150                          ,"lago@math.uc3m.es, guino@matcom.uh.cu, www.matcom.uh.cu ",www.gama.uc3m.es/index.php/glopez.html                                                                
VI Simposio Internacional de Química ,6-jun.,9-jun.,Villa Clara,Hotel Memory Paraíso Azul Cayo Santa María.,Gaviota Tours,Dra. C. Neibys L. Casdelo Gutiérrez; Dr. C. Luis R. Bravo Sánchez; Dra. C. Leisy Nieto Reyes; Dra. C. Elena R. Rosa Domínguez;. Dr. C. Osvaldo Reyes Acosta.                                                                                                                              ,"(53 42) 281100, 42 211825 y 42 211826",,siq@uclv.cu,www.siq.qf.uclv.edu.cu  
XIII Conferencia Internacional sobre Ciencia y Tecnología de los Alimentos (CICTA 13),6-jun.,10-jun.,La Habana,Palacio de las Convenciones.,VIAJES CUBANACÁN S.A.,Dra. Lourdes Valdés Fraga  ,(53 7) 279 3919,,direccion@iiia.edu.cu; lvaldes@iiia.edu.cu ,www.cictahabana.com 
 INTERJOVEN 2016. VII Encuentro Internacional de Jóvenes Agropecuarios,7-jun.,10-jun.,Mayabeque,Instituto Ciencia Animal (ISCA).,HAVANATUR,Dr.C. José Raúl López Alvarez.                             ,(53 47) 59 9152 ext. 211.              ,,jrlopez@ica.co.cu .                                         ,www.ciencia-animal.org           
Simposio de Ortodoncia y Ortopedia Craneo Facial,8-jun.,11-jun.,Villa Clara,Centro de Convenciones Bolivar. ,VIAJES CUBANACÁN S.A.,Dr. Adrian Moreno Arias                                           ,,,adrianma@ucm.vcl.sld.cu              ,
IX Congreso Nacional de Otorrinolaringología y Cirugia de Cabeza y Cuello. II Encuentro Internacional de ORL Graduados en Cuba. V Congreso Nacional de Logopedia y Foniatría,13-jun.,16-jun.,La Habana,Palacio de las Convenciones de La Habana,Havanatur,Dr. Antonio S. Paz Cordovez                                         ,(53 7) 876 1936; 876 1275                      ,,toeli@infomed.sld.cu                                              ,
Torneo Internacional de Pesca Ernest Hemingway. Edición 66,13-jun.,18-jun.,La Habana,Residencial Marinas Hemingway. ,ECOTUR,"Francisco Díaz  (Director Comercial)
Tel.: 
",(53 7) 204 5280                                        ,, dircomercial@prto.mh.tur.cu,
SIMFOR. IX Simposio Internacional sobre Manejo Sostenible de los Recursos Forestales ,14-jun.,16-jun.,Pinar del Río ,Universidad de Pinar del Río ,VIAJES CUBANACÁN S.A., Dra.C. Milagros Cobas López.                                                          ,(53 48) 779363; 779661                                        ,(53 48) 779353                       ,mcobas@af.upr.edu.cu                ,www.simfor.upr.edu.cu
"XIV Conferencia Internacional de Ciencias Económicas, Empresariales y Jurídicas",14-jun.,16-jun.,Camagüey,Universidad de Camagüey ,CUBATUR,Dr.C Nestor Miguel Álvarez Álvarez.  ,,,nestor.alvarez@reduc.edu.cu ,
Taller Internacional sobre Derechos Humanos de la Mujer con Discapacidad. Instrucción Social. Reunión de la Junta Directiva de la RED Latinoamérica de ONGs de personas con Discpacidad y su familia. ,16-jun.,18-jun.,La Habana,PABEXPO.,CUBATUR,Mabel Ballesteros   ,(53 7) 2144336,,aclifim@aclifim.cu   ,www.aclifim.sld.cu 
Coloquio Internacional de Historia del Arte,19-jun.,23-jun.,La Habana,Universidad de La Habana,SAN CRISTÓBAL,MSc. Odette Bello Algeciras (Presidenta)                   ,(53 7) 879 8873                              ,,odette@fayl.uh.cu ,
2da Convención Internacional de Ciencias Técnicas y Agronómicas 2016,20-jun.,23-jun.,Santiago de Cuba,Hotel Meliá Santiago,HAVANATUR,Lic. Yesei Pérez López.   ,(53 22)  63 1832 ,(53 22) 632689 ,comunicación@uo.edu.cu    ,www.convenciones.uo.edu.cu/index.php/IICICTA 
CUBAINDUSTRIA 2016,20-jun.,24-jun.,La Habana,Palacio de las Convenciones. La Habana y PABEXPO,HAVANATUR,"Adriana Barceló Permuy    
",(53 7) 263 3131; 263 3125   ,,adriana@industrias.cu   ,www.cubaindustria.cu 
"52 Conferencia de la FIA la Habana, ",20-jun.,24-jun.,La Habana,Hotel Nacional de Cuba.,VIAJES CUBANACÁN S.A.,Msc. Migdalia Velázquez Pérez,(53 7) 832 29680,(53 7) 833 3382    ," unjc@unjc.co.cu, cuba.juristas@yahoo.es",www.unjc.co.cu 
XI Encuentro de Autoridades Competentes de Medicamentos de Iberoamérica (EAMI),21-Jun,24-Jun,Matanzas,Hotel Melia Marina Varadero.,Gaviota Tours,M. Cs Lisette Perez Ojeda                 ,,,lisette@cecmed.cu,
Nuevos Talleres  de Estudios Regionales IV,22-Jun,24-Jun,Villa Clara,Hotel Eurostars Cayo Santa María. Cayos de Villa clara,Gaviota Tours,Yldelisa Perez Gonzalez                                              ,(53 42)  211908,,aliciaa@uclv.edu.cu   ,
IV Convención Internacional de la Ingeniería en Cuba: CIIC ,23-jun.,25-jun.,Matanzas,Varadero. ,HAVANATUR,MsC.Ing. Kyra Bueno Risco P                             Coordinador Genera: Arq. Ramón Recondo,,,,
Segunda Convención de Ciencias Técnicas de la Universidad de Oriente,25-jun.,28-jun.,Santiago de Cuba,Santiago de Cuba,CUBATUR,Dra.Arq.Elsi María López Arias,,,,
XV Simposio Internacional de Pensamiento Latinoamericano.,26-jun.,29-jun.,Villa Clara,"Centro de Convenciones “Simón Bolívar”, Santa Clara.",Gaviota Tours,"Dra. Iris Laurerio Ramírez,  Dr. Miguel Rojas Gómez,  MSc. Anayansi Castellón. MSc. Daily Cordero.                                                        ", (53 42) 281519,(53 42) 211905,"dailycm@uclv.edu.cu, lenaesther@uclv.edu.cu, 12simp@uclv.edu.cu",www.filosofia.cu 
GESEMAP 2016. X Congreso Internacional de Gestión Empresarial y Administración Pública ,27-jun.,30-jun.,La Habana,Palacio de las Convenciones.,HAVANATUR,MSc. Gerardo Montenegro Morán E.mail: ,,,"montenegro@mes.gob.cu, congreso.gesemap@gmail.com",
CORHABANA 2016. XII Festival Internacional de Coros ,27-jun.,2-jul.,La Habana,"Teatro Nacional de Cuba; Basílica Menor de San Fco. de Asís, Oratoria de San Felipe Neri, Iglesia de Paula y Centro Hispanoamericano de Cultura, entre otros. ",PARADISO,"Digna Guerra Ramírez, Madelaine Masses Balvidares
Tel.: (53 7) 832 4521 al 22
dguerra@cubarte.cult.cu; corhabana2016@amadeo.cult.cu
",,,,
VII Congreso Internacional de Educación y Pedagogía Especial. IV Simposio de la Educación Primaria. ,27-jun.,30-jun.,La Habana,Palacio de las Convenciones.,CUBATUR,Dr.C. Santiago Borges Rodríguez,(53 7) 274 1484; 2741485, (53 7) 274 1485,santiago@celaee.rimed.cu,www.celaee.rimed.cu
XV Simposio Internacional de Pensamiento Latinoamericano,27-Jun,30-Jun,Villa Clara,Centro de Convenciones Bolivar. Santa Clara. ,Gaviota Tours,Dr. Miguel Rojas Gómez ,(53 42) 281520,,miguelr@uclv.edu.cu ,
XXXV Festival del Caribe. ,3-jul.,9-jul., Santiago de Cuba,Casa del Caribe.,Paradiso,"Orlando Vergés Martínez
   
",(53 22) 643609; 668668; 668667,,caribe@cultstgo.cult.cu,www.casadelcaribe.cultstgo.cu 
XII Encuentro Internacional: Escuela de Verano de La Habana 2016 sobre Temas Penales Contemporáneos,4-jul.,8-jul.,La Habana,Hotel Nacional de Cuba. ,VIAJES CUBANACÁN S.A.,Msc. Migdalia Velázquez Pérez, (53 7) 832 29680,(53 7) 833 3382      ,"unjc@unjc.co.cu, cuba.juristas@yahoo.es",www.unjc.co.cu 
Salón Internacional de Alimentos Bebidas y Food Services. Feria de alimentos Cuba.,5-jul.,7-jul.,La Habana,PABEXPO. La Habana,,,,,,
"Primer Coloquio Internacional de Educación de Jóvenes y Adultos: Desafíos en el contexto económico, político y social actual",11-jul.,13-jul.,La Habana,Palacio de las Convenciones. La Habana,CUBATUR,"Maura Tomasén  León                                                    José del Real Hernández
Tel.: (53 7) 8322422                                                        Tel.: (53 7) 2741478
dir.adultos@mined.rimed.cu; mtomasen@mined.rimed.cu;
coloquioadultos@mined.rimed.cu;  delreal@iplac.rimed.cu",,,,
"XII Encuentro Internacional de Educación Inicial y Preescolar:""De la gestación al futuro: atención a la diversidad y desarrollo integral""",11-jul.,15-jul.,La Habana,Palacio de las Convenciones. La Habana,CUBATUR,"Isabel Ríos Leonard 
Tel.: (53 7) 274 1482; 274 1483
isabel@celep.rimed.cu; celep@celep.rimed.cu  
www.celep.rimed.cu",,,,
XII Congreso Latinoamericano y VI Congreso Cubano de Apicultura. ,18-jul.,22-jul.,La Habana,Palacio de las Convenciones. La Habana,CUBATUR,,,,,
Congreso de Enfermedades y Rehabilitación de Profesionales del Arte,18-jul.,22-jul.,La Habana,Palacio de las Convenciones de La Habana,Havanatur,Dr.MSc. Luis Felipe Heredia Guerra                                                        e-mail: ifhg@infomed.sld.cu,,,,
5ta Conferencia Mundial sobre Producción y Gestión de Operaciones,5-sep.,9-sep.,La Habana,Palacio de las Convenciones de La Habana,,,,,,
HABANARTE,8-sep.,18-sep.,La Habana,Espacios culturales. La Habana,Paradiso,VM Fernando Rojas,"(53 7) 838 2282; 833 2941
","(53 7) 833 2941
",fernandor@min.cult.cu; clarita@min.cult.cu,www.cubarte.cult.cu 
Convención de Radio y Televisión Cuba 2016,12-sep.,16-sep.,La Habana,Palacio de las Convenciones.,VIAJES CUBANACÁN S.A.,"Alfonso Noya Martínez                                                   Joel Ortega Quinteiro              

",(53 7) 839 2322,,rtvconvencion@icrt.cu,www.rtvfestival.icrt.cu
NATURALEZA DIGITAL. Concurso de Fotografía,12-sep.,17-sep.,Sancti Spiritus,Topes de Collantes. ,Gaviota Tours,"Lic.Lisbet Betancourt García
Tel.: 
",(53 7)869 5774,,director.promocion@gaviota.cu; comercial8.ventas@gaviotatours.cu,
Salón Internacional de Sistemas de Seguridad y Emergencias. SECURTEC,13-sep.,15-sep.,La Habana,PABEXPO.,,,,,,
III Congreso InternacIonal de Minería y Metalurgia MINEMETAL 2016,19-sep.,23-sep.,La Habana,La Habana,VIAJES CUBANACÁN S.A.,"Ing. Alejandra Naida Hernández Martínez 
",(53 7) 643 8072,,nayda@cipimm.minem.cu ,
X Congreso Internacional sobre Derecho Agrario.,19-sep.,21-sep.,La Habana,Hotel Nacional de Cuba. La Habana,VIAJES CUBANACÁN S.A.,"Msc. Migdalia Velázquez Pérez
Tel.: (53 7) 832 29680
Fax: (53 7) 833 3382                                  unjc@unjc.co.cu                              cuba.juristas@yahoo.es 
www.unjc.co.cu ",,,,
XXVII Congreso Internacional Cubano de Ortopedia y Traumatología,19-sep.,24-sep.,Camagüey,Centro de Eventos ORTOP,CUBATUR,Prof.Dr.MSc. Rodrigo Alvarez Cambra                                                             ,(53 7) 271 8646;  260 0361                                                         ,,cambras@fpais.sld.cu,
Congreso Internacional ABOGACIA ,19-sep.,23-sep.,La Habana,Palacio de las Convenciones.,CUBATUR,Elizabeth Moya Linares                    ,,,jsuperacion@onbc.cu,
Reunión internacional sobre Dinámica de Sistemas Socio-económicos.  ,20-sep.,24-sep.,"La Habana, Villa Clara",Universidad de La Habana y Hotel Playa Cayo Santa María. ,Gaviota Tours,Dr. BiagioSimonetti.                                                     Dra. Lourdes Cisneros Mustelier                                   ,(53 7) 832 3734                    ,,"simonetti@unisannio.it, decanato@ftur.uh.cu   ",
II Foro Internacional de Control de la Calidad y Patología de las Construcciones ,20-sep.,23-sep.,"La Habana, Cienfuegos",La Habana y Cienfuegos,HAVANATUR,MsC.Arq.Mercedes Elesther Savigne                           MsC. Ing.Héctor Alfonso Pérez Vice-P,,,,
Conferencia Científica UCIENCIA,21-sep.,23-sep.,La Habana,Hotel Nacional de Cuba u Hotel Meliá Cohiba.,CUBATUR, Alberto Fernández Reyes                  ,(53 7) 832 3734;  867 1902;  867 1905;  8618209,(53 7) 866 9366,"dgeneral@onat.gob.cu, afernandez@onat.gob.cu   ",www.mfp.cu
LABIOFAM 2016. Congreso Internacional ,26-sep.,30-sep.,La Habana,Palacio de las Convenciones de La Habana,,,,,,
I Congreso Mundial de Fijación Externa y XXVII Congreso Cubano de Ortopedia y Traumatología   ,26-sep.,1-oct.,Matanzas,Plaza América. ,CUBATUR,"Prof. DrSc. Rodrigo Álvarez Cambras
Director General CCOI ""Frank País""
",(53 7) 271 8646; 271 9055,,cambras@fpais.sld.cu,
"16 Festival Nacional de Teatro, Camagüey 2016",1-oct.,9-oct.,Camagüey,Teatros y plazas. Camagüey,PARADISO,"Gisela González Cerdeña             
",(53 7) 830 4126,,presidencia@cubaescena.cult.cu,www.cubaescena.cult.cu 
Gran Torneo de Golf “Cuba Golf”.,1-oct.,1-oct.,Matanzas,Campo de golf de Varadero ¨Varadero Golf Club¨. ,HAVANATUR,"Liubersy Pérez Guillén, Directora Adjunta Empresa Extrahotelera Palmares                                    ",(53 7) 836 2557   ,,vice.operaciones@gee.palmares.cu,
"Taller Internacional ""Maestro ante los retos del Siglo XXI """,3-oct.,6-oct.,La Habana,Sede Nacional de Asociación de Pedagogos de Cuba. ,CUBATUR,"Dr. Cs. Gilberto García Batista
",(53 7) 202 5478; (53 43) 51 9745,,"presidente@apc.rimed.cu, eventos@apc.rimed.cu  ",
XVI Congreso Nacional de la Sociedad Cubana de Obstetricia y Ginecología                 X Congreso de Perinatología Familiar                VI Congreso de Ginecología Infanto-Juvenil y Salud Reporductiva del Adolescente. VI Congreso de Ultrasonido en Obstetricia y Ginecología                                                               ,3-oct.,7-oct.,La Habana,Palacio de las Convenciones de La Habana,Havanatur, Prof Dr. Evelio Cabezas Cruz                                                                                                     ,,,gimecobs2016@infomed.sld.cu ,
"II Congreso Internacional de Economía, Contabilidad y Administración",5-oct.,6-oct.,La Habana,Hotel Habana Libre. La Habana,HAVANATUR,Dra. Vilma Hidalgo de los Santos.                         ,(53 7) 879 8450,,vilmah@rect.uh.cu ,
IV Encuentro de Desarrollo Agroalimentario Local ,3-oct.,5-oct.,La Habana,Palacio de las Convenciones.,CUBATUR,MsC. Eduardo F. Furrazola Gómez,(53 7) 643 8266                                               ,(53 7) 643 8090 ,efurrazola@ceniai.inf.cu,www.ecosis.cu
1era Convención Internacional de Transporte Marítimo y Terrestre,12-oct.,15-oct.,Artemisa ,Artemisa ,CUBATUR,Arq.Leticia C.Gómez Matos P,,,,
VIII Seminario Internacional de “Docencia Universitaria”,16-oct.,20-oct.,Cienfuegos,Hotel Unión. ,CUBATUR,Miriam Iglesias León                                                                  ,(53 43) 500140  ,,miglesia@ucf.edu.cu,www.ucf.edu.cu
I Conferencia Científica de la Universidad de Cienfuegos,16-oct.,30-oct.,Cienfuegos,Hotel Unión.,CUBATUR, Dr. Juan B. Cogollos Martínez                                   ,5343500101;50017,,rector@ucf.edu.cu,www.ucf.edu.cu
AGRODESARROLLO 2016                   III Convención Internacional  ,16-oct.,20-oct.,Matanzas,Varadero,HAVANATUR,Dr.C. Giraldo Jesús Martín Martín.                            ,(53 45) 57123,(53 45) 571225                            ,giraldo.martin@ihatuey.cu,www.ihatuey.cu
Jardines del Rey Big Game Trolling.,16-oct.,22-oct.,Ciego de Ávila,Marina Turística de Cayo Guillermo. ,ECOTUR,Osvaldo González                               ,(53 33) 301581; 301515; 301516; 301527,,comercial@cco.marlin.tur.cu,www.nauticamarlin.com
CALIDAD 2016. Simposio Internacional ,17-oct.,21-oct.,La Habana,Palacio Convenciones de La Habana, CUBATUR,"Dra.Hortensia Nancy Fernández Rodríguez
             ","(53 7) 830 0879; 830 0891, 830 0022          ",(53 7) 836 8048,nc@ncnorma.cu,www.nc.cubaindustria.cu
 UNICA 2016.12ma Conferencia Científica Internacional,17-oct.,20-oct.,Ciego de Ávila  ,Universidad de Ciego de Ávila “Máximo Gómez Báez”. ,CUBATUR,Dra.C Anisia Ruiz Gutiérrez ,"53-33-224544, 53-33-225724 ext. 1003",53-33-224544, anisia@unica.cu,www.unica.cu
VIII Conferencia Internacional sobre Arbitraje y Mediación y VII Seminario Internacional sobre Solución de Conflictos en la Propiedad Intelectual. ,17-oct.,21-oct.,La Habana,Hotel Nacional de Cuba u Hotel Meliá Cohiba. ,Cubatur,Msc. Migdalia Velázquez Pérez,(53 7) 832 29680,(53 7) 833 3382 ,"unjc@unjc.co.cu, cuba.juristas@yahoo.es ",www.unjc.co.cu 
Conferencia Internacional “GEOMOA”,18-oct.,20-oct.,Holguín,Instituto Superior Minero Metalúrgico de Moa (ISMMM). ,VIAJES CUBANACÁN S.A.,Msc.  Yurisley Valdés Mariño.                                ,(53 24) 60 6502 Ext. X. 608190.  ,,yvaldes@ismm.edu.cu,
GERIATRIA 2016,19-oct.,21-oct.,La Habana,Palacio de las Convenciones de La Habana,,,,,,
XIII Conferencia de Estudios Americanos: Contraofensiva imperial contra los procesos de cambios de América Latina,19-oct.,21-oct.,La Habana,"Instituto Superior de Relaciones Internacionales ""Raúl Roa García""  de La Habana",CUBATUR,"Dr. Adalberto Ronda Varona
Tel.:                                                    
                                                             
",(53 7) 206 3098,,ronda@cipi.cu,www.cipi.cu
10ma. Conferencia Internacional de Ciencias Empresariales (CICE) ,20-oct.,22-oct.,Villa Clara,Hotel Iberostar Ensenachos. ,Gaviota Tours,Dr. C. PT Carlos Cristóbal Martínez Martínez Secretaria Ejecutiva: MSc. Idalmis Acosta                 ,(53 42) 281272;  281058 al 60; 281562,(53 42) 281608               ,cristobalc@uclv.edu.cu,cice@uclv.cu
II Congreso Internacional de Ciudades y el Mar,20-oct.,22-oct.,Holguín,Holguín,CUBATUR,Arq.Emma Rodríguez Rodríguez    P,,,,
I Simposio de Citoprotección 2016,20-oct.,23-oct.,Matanzas,Hotel Meliá Marina Varadero. ,HAVANATUR,Gerardo Enrique Guillén Nieto,(53 7) 250 4495                                                   ,(53 7) 250 4494,gerardo.guillen@cigb.edu.cu,
VI Simposio de Bioinformática ,20-oct.,23-oct.,Matanzas,Hotel Meliá Marina Varadero,HAVANATUR,Gerardo Enrique Guillén Nieto      ,(53 7) 250 4495,(5 -7) 250 4494,gerardo.guillen@cigb.edu.cu,
Conferencia Internacional de Ciencias Empresariales,21-oct.,23-oct.,Villa Clara,Hotel Iberostar Ensenachos. Cayos de Villa Clara    ,Gaviota Tours,Dr. C. PT Carlos Cristóbal Martínez Martínez                      ,(53 42) 281273                                              ,,cice@uclv.cu,
IX Encuentro Internacional de Estudiantes de Psicología,23-oct.,27-oct.,La Habana,Universidad de la Habana (Facultad de Psicología),CUBATUR,MSc. Karelín López Sánchez (Presidente)           Lic. Jorge Enrique Torralbas Osle (Coordinador general)                                                         ,(53 7) 870 4617,,encuentro@psico.uh.cu,www.psicoencuentro.uh.cu 
Fiesta de la Cultura Iberoamericana.,24-oct.,30-oct.,Holguín,Casa Iberoamericana. ,Paradiso,"Dr. C. Eduardo Rafael Avila Rumayor   
  ",(53 24) 427775,,earumayor@baibrama.cult.cu,www.casadeiberoamerica.cult.cu
Congreso CONPEHT,24-oct.,29-oct.,La Habana,Palacio de las Convenciones. ,CUBATUR,Cecilia H. Moleón Mejías,(53 7) 204 4575; Piz. 206 48 50 al 54. Ext. 215,,cecilia@formatur.cu,
"II Taller Internacional de Pesca, Contaminación y Medio Ambiente",25-oct.,28-oct.,La Habana,La Habana,CUBATUR,Rafael Tizol Correa  ,(53 7) 209 7875                       ,,tizol@cip.alinet.cu,
GERONTOGER 2016,26-oct.,28-oct.,La Habana,Palacio de las Convenciones de La Habana,CUBATUR,Dr.Humberto Arencibia Pérez                                                 ,(53 7) 838 2146,,humberto.arencibia@infomed.sld.cu,
"25 Festival Internacional de Ballet de La Habana ""Alicia Alonso""",28-oct.,6-nov.,La Habana,"Gran Teatro de La Habana. Subsedes: Teatro Mella, Teatro Nacional, Teatro Karl Marx.",Paradiso,"Presidenta del Comité Organizador: Alicia Alonso
Coordinador: Heriberto Cabezas
",(53 7) 835 2948; 835 3920,(53 7) 833 3117   ,"festivalhabana@balletcuba.cult.cu, bnc@cubarte.cult.cu","www.festivalballethabana.com, www.festivalballethabana.cult.cu"
"Convención de Ciencia, Tecnología e Innovación",31-oct.,4-nov.,La Habana,Palacio de las Convenciones. ,VIAJES CUBANACÁN S.A.,Mirtha Quesada,(534 7) 202 7591; 206 5621,,mquesada@idict.cu,
"XXXIV Feria Internacional de La Habana, FIHAV",31-oct.,5-nov.,La Habana,PABEXPO.,,,,,,
IV Taller de Zeolitas Cubanas ,7-nov.,9-nov.,Holguín,"EES Empresa Geominera Oriente, UEB Geominera Holguín. ",CUBATUR,"Ing. Aramis Laserra Portuondo (Presidente)

 ",(53 22) 642624,,alaserra@geominera.co.cu,
XII Congreso Cubano de Cirugía                                   ,7-nov.,10-nov.,La Habana,Palacio de las Convenciones de La Habana,CUBATUR,Dr. C. Manuel Cepero Nogueira                            Tel.: (53 7) 273 0708; 273 0709                                mcepero@infomed.sld.cu,,,,
VI Taller Internacional de Diseño y Conducción de Ensayos Clínicos,7-nov.,10-nov.,La Habana,Palacio de las Convenciones.,VIAJES CUBANACÁN S.A.,Dr. Alberto Hernández Rodríguez                                ,,,alberto@cencec.sld.cu,
“ENERMOA” Eficiencia energética y energía renovable,8-nov.,10-nov.,Holguín,Instituto Superior Minero Metalúrgico de Moa (ISMMM). ,VIAJES CUBANACÁN S.A.,Dr.C. Reineris Montero Laurencio.,(53 24) 60 6502; 604476,,rmontero@ismm.edu.cu ,
COMEC 2016. IX Conferencia Científica Internacional de Ingeniería Mecánica ,13-nov.,16-nov.,Villa Clara,Hotel EUROSTARS Cayo Santa María. ,Gaviota Tours,Dr. C. Norge Isaías Coello Machado (Presidente)  Dr.C. Idalberto Mendoza Díaz (Coordinador )  Dr. C. Yudieski Bernal Aguilar (Secretario Ejecutivo)     Tel.:                                                                                                        eventos.fim.uclv.edu.cu/ ,(53 42) 281630,,yba@uclv.edu.cu,
Conferencia Internacional de Ingeniería Mecánica,14-nov.,17-nov.,Villa Clara,HTL Eurostars Cayo Santa María.,Gaviota Tours,"Universidad de las Villas.                                          MSc. Ing. Yudieski Bernal Aguilar
Secretario Ejecutivo MAS XXI 2013
Facultad de Ingeniería Mecánica
Universidad Central “Marta Abreu” de Las Villas",(53) 42 281017 ext. 16769,,yba@uclv.edu.cu,
"XVIII Evento Internacional: La enseñanza de la Matemática, la Estadística y la Computación",14-nov.,18-nov.,Matanzas,Hotel Acuazul. Varadero. Matanzas,CUBATUR,MSC. Bernardino Almeida Carazo                         ,(53 45) 291503                                                    ,,bcarazo@ucp.ma.rimed.cu  ,
Encuentro de Amigos y Clientes de Partagás.,14-nov.,18-nov.,La Habana,Casa del Habano Partagás. ,CUBATUR,"EMILIO CALVO PEDROSO
DIRECTOR GENERAL SUCURSAL COMERCIAL CARACOL ESPECIALIZADA  ",,,emilio@thabana.caracol.cu,
XIV Congreso de la Sociedad Cubana de Anatomía Patológica,14-nov.,18-nov.,La Habana,Palacio de las Convenciones de La Habana,CUBATUR,Dr. Israel Borrajero Martínez,"(53 7) 787 1630, 7255-3213, 7255-32141629, 1681              ",,telepatol@hha.sld.cu,
VII Congreso Nacional de Higiene y Epidemiologia,15-nov.,18-nov.,Habana,Palacio de las Convenciones de La Habana,Havanatur,Dr. Ediberto González Ochoa                                                           ,(53 7) 255 3213; 255-3214,, eddy.ochoa@infomed.sld.cu,
XIX Taller Internacional: Nueva Ciencia Política.,16-nov.,18-nov.,Habana,Hotel Nacional de La Habana,HAVANATUR,"Thalia Fung Riveron
Dirección: Calle 15 # 313, esquina H",(53 7) 832 1091,,"muklan@ffh.uh.cu,thaliafung@infomed.sld.cu",
IBERGECYT 2016. XIV Seminario Iberomericano para el Intercambio y la Actualización en Gerencia de Ciencia y Tecnología ,16-nov.,18-nov.,Habana,Hotel Habana Libre,CUBATUR,"MSc. Betina Palenzuela Corcho,   Presidenta,  ",(53 7) 202 7920; 203 0160; 203 24 91,(53 7) 204 9664,ibergecyt2014@gecyt.cu; betina@gecyt.cu,www.gecyt/ibergecyt2016
JAZZ PLAZA 2016. Edición 32 del Festival Internacional ,16-nov.,19-nov.,Habana,"Teatro Mella, CC Plaza, Pabellón Cuba",Paradiso,Victor Rodríguez García. Director del Centro Nacional de Música Popular, (53 7) 202 4232 ,,direccion@cnmp.cult.cu;nilda@cnmp.cult.cu; pablojazz@cubarte.cult.cu,www.decubajazz.com
YAYABOCIENCIA 2016. III Conferencia Científica Internacional de la UNISS      ,18-nov.,20-nov.,Sancti Spíritus,Universidad de Sancti Spiritus “José Martí Pérez” ,VIAJES CUBANACÁN S.A.,MSc.  Antonio Mendoza de la Cruz              ,(53 41) 336509,,antonio@uniss.edu.cu,www.uniss.edu.cu
18 Convención Científica de Ingeniería y Arquitectura,21-nov.,25-nov.,Habana,Palacio de las Convenciones,HAVANATUR,Dra. Alicia Alonso Becerra,(53 7) 260 8030; 260 3200,(53 7) 2677129,alicia@tesla.cujae.edu.cu,www.ccia.cujae.edu.cu
EcoCIEC,21-nov.,25-nov.,Ciego de Ávila,Melíá Cayo Coco,VIAJES CUBANACÁN S.A.,Fabián Pina Amargós,(53 33) 301136,(5333) 301151,eventoxxv@ciec.cu,www.ciec.cu/eventoxxv
50 Aniversario de la Docencia Médica en la Región Central,21-nov.,25-nov.,Villa Clara,Centro de Convenciones Bolivar. ,VIAJES CUBANACÁN S.A.,Dr. Adrian Moreno Arias,,, adrianma@ucm.vcl.sld.cu,
IV Smposio Visión Salud Bucal,21-nov.,25-nov.,Habana,La Habana,VIAJES CUBANACÁN S.A.,Dra. Estela Gispert Abreu,,,"estela@infomed.sld.cu, gispert@infomed.sld.cu",
XX Congreso Científico Internacional del INCA,22-nov.,24-nov.,Mayabeque,Instituto Nacional de Ciencias Agropecuarias (INCA),PARADISO,Dra. María del Carmen Pérez Hernández,(53 47) 863867,(53 47)  863867,mcperez@inca.edu.cu,www.inca.edu.cu
Conferencia Científica UCIENCIA,23-nov.,25-nov.,Habana,Universidad de Ciencias Informáticas (UCI),HAVANATUR,Presidenta: Dra. Miriam Nicado  García. Secretario Ejecutivo: Dr. Ruber Hernández García. Ing.: Nadiela Milan Cristo                                                                                                               ,"(53 7) 8372677, (53 7) 8372573",,"ncristo@uci.cu, rhernandezg@uci.cu",
XXI Festival Benny Moré,24-nov.,27-nov.,Cienfuegos,Centro Cult Benny Moré,Paradiso,Augusto Enríquez,"(53 7) 836 8865; 52644981(móvil), (53 43) 511879 ",,"augusto@cubarte.cult.cu,paradiso@sccfg.artex.cu",www.paradiso.cu
Encuentro de Jóvenes Profesionales,24-nov.,26-nov.,Santiago de Cuba,Santiago de Cuba,CUBATUR,Ing.María E. Luna Castellanos P,,,,
XVII Conferencia Internacional de la Asociación Americana de Juristas. ,28-nov.,30-nov.,Habana,Hotel Nacional de Cuba,VIAJES CUBANACÁN S.A.,Msc. Migdalia Velázquez Pérez                                                        ,(53 7) 832 29680,(53 7) 833 3382,"cuba.juristas@yahoo.es, unjc@unjc.co.cu",www.unjc.co.cu
Immunotherapy 2016,1-dic.,5-dic.,Habana,Hotel Nacional de Cuba,HAVANATUR,Pendiente,,,,
XXXVIII Festival Internacional del Nuevo Cine Latinoamericano.,1-dic.,11-dic.,Habana,"Hotel Nacional, Casa del Festival, Pabellón Cuba, Cines de la Capital y las Provincias",Paradiso,"Ivan Giroud Garate. 
 
 ",(53 7) 838 2854 o (53 7) 838 2864,,presidencia@festival.icaic.cu,www.habanafilmfestival.com
FIART`16. IXX Feria Internacional de Artesanía ,5-dic.,18-dic.,Habana,PABEXPO,Paradiso,"Jorge Alfonso (Presidente)
Vicepresidentas: Mercy Correa y Beatriz Blanco.   ",(53 7) 833 0508;  833 0911,,fiart@fcbc.cu;  fcbc@fcbc.cu; eventos2@paradis.artex.cu; jeventos@paradis.artex.cu,
II Simposio Internacional sobre Muerte Súbita Cardiovascular. ,7-dic.,9-dic.,Habana,Palacio de las Convenciones de La Habana,,,,,,
"IDIFARMA 2016. III Congreso Internacional de Investigación, Desarrollo e Innovación Tecnológica de la Industria Farmacéutica. ",7-dic.,9-dic.,Habana,Palacio de las Convenciones de La Habana,,,,,,
Congreso Internacional  “Controlando a la diabetes y a sus complicaciones más severas”,10-dic.,13-dic.,Matanzas,Hotel Melia Marina Varadero,Gaviota Tours,Ing. Osvaldo Reyes Acosta (Centro de ingeniería Genética y Biotecnología), (535) 2794319 ,,osvaldo.reyes@cigb.edu.cu,
Gran Prix de Judo (M y F),1/22/2016,1/24/2016,La Habana,Coliseo de la Ciudad Deportiva,CUBADEPORTE,Pedro Urquía,(537)2040348,,pedro@cubadeportes.cu,
Serie  Mundial de Boxeo (M),Febrero,Febrero,La Habana,Coliseo de la Ciudad Deportiva,CUBADEPORTE,Pedro Urquía,(537)2040349,,pedro@cubadeportes.cu,
Serie  Mundial de Boxeo (M),Febrero,Febrero,La Habana,Coliseo de la Ciudad Deportiva,CUBADEPORTE,Pedro Urquía,(537)2040350,,pedro@cubadeportes.cu,
Torneo ¨Cerro Pelado-Granma¨ de Lucha. (M y F) ,Febrero,Febrero,La Habana,Coliseo de la Ciudad Deportiva,CUBADEPORTE,Pedro Urquía,(537)2040351,,pedro@cubadeportes.cu,
Copa Iberoamericana de Triatlón (M y F),2/12/2016,2/15/2016,La Habana,Marina Hemingway,CUBADEPORTE,Pedro Urquía,(537)2040352,,pedro@cubadeportes.cu,
Match de Retadores de Canotaje (M y F),3/1/2016,3/15/2016,Matanzas,,CUBADEPORTE,Pedro Urquía,(537)2040353,,pedro@cubadeportes.cu,
XXXV Torneo ¨Manuel Suárez¨ y Torneo Sub 17 de Levantamiento de Pesas. (M y F),3/7/2016,3/14/2016,Matanzas,,CUBADEPORTE,Pedro Urquía,(537)2040354,,pedro@cubadeportes.cu,
Copa ¨Ramón Fonts¨ de Espada. (M y F),3/11/2016,3/14/2016,La Habana,,CUBADEPORTE,Pedro Urquía,(537)2040355,,pedro@cubadeportes.cu,
Torneo de Sable. (M y F),3/11/2016,3/14/2016,La Habana,,CUBADEPORTE,Pedro Urquía,(537)2040356,,pedro@cubadeportes.cu,
Grand Prix de La Habana de Florete. (M y F),3/11/2016,3/14/2016,La Habana,,CUBADEPORTE,Pedro Urquía,(537)2040357,,pedro@cubadeportes.cu,
Torneo ¨Capitán San Luis¨ de Pelota Vasca. I Fase. (M y F),3/12/2016,3/18/2016,La Habana,,CUBADEPORTE,Pedro Urquía,(537)2040358,,pedro@cubadeportes.cu,
Copa ¨Marcelo Salado¨ de Natación. I Fase (M y F),3/20/2016,3/25/2016,La Habana,,CUBADEPORTE,Pedro Urquía,(537)2040359,,pedro@cubadeportes.cu,
II Encuentro Cuba-Italia y Copa Internacional Máster de Kárate-Do,3/24/2016,3/27/2016,Santiago de Cuba,,CUBADEPORTE,Pedro Urquía,(537)2040360,,pedro@cubadeportes.cu,
Torneo ¨Giraldilla de La Habana¨ de Bádminton. (M y F),3/28/2016,4/1/2016,La Habana,Coliseo de la Ciudad Deportiva,CUBADEPORTE,Pedro Urquía,(537)2040361,,pedro@cubadeportes.cu,
Copa ¨Marcelo Salado¨ de Natación. II Fase. (M yF),3/31/2016,4/3/2016,Matanzas,,CUBADEPORTE,Pedro Urquía,(537)2040362,,pedro@cubadeportes.cu,
Serie  Mundial de Boxeo,Marzo,Marzo,La Habana,Coliseo de la Ciudad Deportiva,CUBADEPORTE,Pedro Urquía,(537)2040363,,pedro@cubadeportes.cu,
Serie  Mundial de Boxeo,Marzo,Marzo,La Habana,Coliseo de la Ciudad Deportiva,CUBADEPORTE,Pedro Urquía,(537)2040364,,pedro@cubadeportes.cu,
Serie  Mundial de Boxeo,3/31/2016,3/31/2016,La Habana,Coliseo de la Ciudad Deportiva,CUBADEPORTE,Pedro Urquía,(537)2040365,,pedro@cubadeportes.cu,
"Torneo internacional de GO, categoría infantil.",4/1/2016,4/3/2016,La Habana,-,CUBADEPORTE,Pedro Urquía,(537)2040366,,pedro@cubadeportes.cu,
Serie  Mundial de Boxeo (semifinales),Abril,Abril,La Habana,Coliseo de la Ciudad Deportiva,CUBADEPORTE,Pedro Urquía,(537)2040367,,pedro@cubadeportes.cu,
Serie  Mundial de Boxeo (semifinales),Abril,Abril,La Habana,Coliseo de la Ciudad Deportiva,CUBADEPORTE,Pedro Urquía,(537)2040368,,pedro@cubadeportes.cu,
Torneo Internacional de Fotografía Subacuática. Photosub 2016,Abril,Abril,La Habana,,ECOTUR,,,,,
¨OPEN de La Habana¨ de Taekwondo (M y F),Abril,Abril,La Habana,,CUBADEPORTE,Pedro Urquía,(537)2040368,,pedro@cubadeportes.cu,
"Torneo ¨Caribe¨ de Tenis de Mesa, categoría Juvenil. (M y F)",4/19/2016,4/24/2016,La Habana,Coliseo de la Ciudad Deportiva,CUBADEPORTE,Pedro Urquía,(537)2040369,,pedro@cubadeportes.cu,
Torneo Internacional de Ajedrez ¨José Raúl Capablanca in Memoriam¨ (M y F),5/5/2016,5/17/2016,La Habana,,CUBADEPORTE,Pedro Urquía,(537)2040370,,pedro@cubadeportes.cu,
Torneo de Tenis ¨Cuba-México¨. I Fase. (F),5/9/2016,5/23/2016,La Habana,,CUBADEPORTE,Pedro Urquía,(537)2040371,,pedro@cubadeportes.cu,
Intercambio ¨Cuba-Japón¨ de GO.,5/11/2016,5/14/2016,La Habana,,CUBADEPORTE,Pedro Urquía,(537)2040372,,pedro@cubadeportes.cu,
Torneo Pesca de la Aguja ¨Ernest Hemingway¨,5/25/2016,5/28/2016,La Habana,Marina Hemingway,MARLIN,Pedro Urquía,(537)2040373,,pedro@cubadeportes.cu,
"Encuentro ¨Cuba-México¨ de los trabajadores. Béisbol, voleibol, baloncesto",5/27/2016,6/3/2016,La Habana,,CUBADEPORTE,Pedro Urquía,(537)2040374,,pedro@cubadeportes.cu,
Serie  Mundial de Boxeo (Final),Mayo,Mayo,La Habana,Coliseo de la Ciudad Deportiva,CUBADEPORTE,Pedro Urquía,(537)2040375,,pedro@cubadeportes.cu,
Torneo NORCECA. Voleibol clasificatorio para las Olimpiadas (M y F),Mayo,Mayo,La Habana,,CUBADEPORTE,Pedro Urquía,(537)2040376,,pedro@cubadeportes.cu,
Clif Diving,Mayo,Mayo,La Habana,,CUBADEPORTE,Pedro Urquía,(537)2040377,,pedro@cubadeportes.cu,
Liga Mundial de Voleibol (M),Mayo,Mayo,La Habana,,CUBADEPORTE,Pedro Urquía,(537)2040378,,pedro@cubadeportes.cu,
Liga Mundial de Voleibol (M),Mayo,Mayo,La Habana,,CUBADEPORTE,Pedro Urquía,(537)2040379,,pedro@cubadeportes.cu,
Liga Mundial de Voleibol (M),Mayo,Mayo,La Habana,,CUBADEPORTE,Pedro Urquía,(537)2040380,,pedro@cubadeportes.cu,
Torneo ¨Memorial Barrientos¨ de Atletismo. (M y F),5/26/2016,5/30/2015,La Habana,,CUBADEPORTE,Pedro Urquía,(537)2040381,,pedro@cubadeportes.cu,
"Torneo ¨Giraldo Córdova Cardín"" de Boxeo",5/26/2016,6/2/2016,La Habana,,CUBADEPORTE,Pedro Urquía,(537)2040382,,pedro@cubadeportes.cu,
Copa ¨Moncada¨de Gimnasia Rítmica Deportiva.,6/15/2016,6/19/2016,La Habana,,CUBADEPORTE,Pedro Urquía,(537)2040383,,pedro@cubadeportes.cu,
Copa Moncada Karate-Do (M y F),6/16/2016,6/19/2016,Pinar del Río,,CUBADEPORTE,Pedro Urquía,(537)2040384,,pedro@cubadeportes.cu,
Copa ¨Moncada¨ de Gimnasia Artística (M y F),6/19/2016,6/26/2016,La Habana,,CUBADEPORTE,Pedro Urquía,(537)2040385,,pedro@cubadeportes.cu,
"Torneo ¨Caribe¨ de Tenis de Mesa, categoría Cadete. (M y F).",6/19/2016,6/24/2016,La Habana,Coliseo de la Ciudad Deportiva,CUBADEPORTE,Pedro Urquía,(537)2040386,,pedro@cubadeportes.cu,
Concurso Internacional de fotografía subacuática. ImaSub.,Junio ,Junio,Pinar del Río,,GAVIOTA TOURS,,,,,
Torneo ¨Horizontes de la Amistad¨ de Tenis (M y F).,6/27/2016,7/5/2016,La Habana,,CUBADEPORTE,Pedro Urquía,(537)2040386,,pedro@cubadeportes.cu,
Encuentro ¨Inter Club¨ de Gimnasia Rítmica Deportiva.,7/16/2016,7/21/2016,La Habana,,CUBADEPORTE,Pedro Urquía,(537)2040387,,pedro@cubadeportes.cu,
Torneo ¨Gimnastas del Futuro¨ de Gimnasia Artística. (M  y F),7/20/2016,7/30/2016,La Habana,,CUBADEPORTE,Pedro Urquía,(537)2040388,,pedro@cubadeportes.cu,
Liga Mundial de Voleibol (M),Julio,Julio,La Habana,,CUBADEPORTE,Pedro Urquía,(537)2040389,,pedro@cubadeportes.cu,
Liga Mundial de Voleibol (M),Julio,Julio,La Habana,,CUBADEPORTE,Pedro Urquía,(537)2040390,,pedro@cubadeportes.cu,
Liga Mundial de Voleibol (M),Julio,Julio,La Habana,,CUBADEPORTE,Pedro Urquía,(537)2040391,,pedro@cubadeportes.cu,
Tour NORCECA de Voleibol de Playa. (M y F).,8/10/2016,8/15/2016,Matanzas,,CUBADEPORTE,Pedro Urquía,(537)2040392,,pedro@cubadeportes.cu,
"Torneo ""Caribe"" de Tenis de Mesa, categoría Mayores. (M y F).",9/25/2016,9/29/2016,La Habana,Coliseo de la Ciudad Deportiva,CUBADEPORTE,Pedro Urquía,(537)2040393,,pedro@cubadeportes.cu,
II Gran Fondo Tour Cuba de Ciclismo (M y F),10/20/2016,10/26/2016,La Habana,,CUBADEPORTE,Pedro Urquía,(537)2040394,,pedro@cubadeportes.cu,
Copa Internacional Actividades Subacuáticas.,10/28/2016,10/30/2016,La Habana,,CUBADEPORTE,Pedro Urquía,(537)2040395,,pedro@cubadeportes.cu,
Torneo NORCECA de Pentatlón Moderno. (M y F).,Octubre,Octubre,La Habana,,CUBADEPORTE,Pedro Urquía,(537)2040396,,pedro@cubadeportes.cu,
Encuentro Maxi Basquet. (M).,11/8/2016,11/14/2016,La Habana,,CUBADEPORTE,Pedro Urquía,(537)2040397,,pedro@cubadeportes.cu,
Copa Rugby A 7,11/11/2016,11/13/2016,La Habana, Eduardo Saborit,CUBADEPORTE,Pedro Urquía,(537)2040398,,pedro@cubadeportes.cu,
Torneo ¨Capitán San Luis¨ de Pelota Vasca. II Fase. (M y F).,11/12/2016,11/18/2016,La Habana,,CUBADEPORTE,Pedro Urquía,(537)2040399,,pedro@cubadeportes.cu,
Torneo ¨Cuba-México¨ Tenis. II Fase. (M),11/14/2016,11/28/2016,La Habana,,CUBADEPORTE,Pedro Urquía,(537)2040400,,pedro@cubadeportes.cu,
Carrera Emblemática Marabana,11/20/2016,11/20/2016,La Habana,,CUBADEPORTE,Pedro Urquía,(537)2040401,,pedro@cubadeportes.cu,
XXII Encuentro Latinoamericano Infantil de Baloncesto (M),11/21/2016,11/27/2016,La Habana,Coliseo de la Ciudad Deportiva,CUBADEPORTE,Pedro Urquía,(537)2040402,,pedro@cubadeportes.cu,
Torneo Master de Veteranos de Tenis. (M),11/29/2016,12/6/2016,La Habana,,CUBADEPORTE,Pedro Urquía,(537)2040403,,pedro@cubadeportes.cu,
Torneo Titán -Cuba-Garmin de Ciclismo. (M y F).,12/7/2016,12/14/2016,La Habana,,CUBADEPORTE,Pedro Urquía,(537)2040404,,pedro@cubadeportes.cu,
